#TI MAX Error vs. resolution, MPI ranks=224, threads=14
#TX Simulation type
#TY Resolution
N\SimType	rexi_dt00_001_m000001	rexi_dt0_0015_m000002	rexi_dt00_005_m000008	rexi_dt000_01_m000016	rexi_dt000_05_m000081	rexi_dt0000_1_m000163	rexi_dt0000_2_m000327	rexi_dt0000_5_m000819	rexi_dt000001_m001638	rexi_dt000002_m003276	rexi_dt000005_m008190	rexi_dt000010_m016380	rexi_dt000025_m040950
128	2.66274382879	2.66274382846	1.64324258987	1.65159170339	2.49903576546	424.899196701	0.141129451288	0.00381864067081	0.00506487059603	0.00248460689344	0.000276213970359	5.73044866181e-05	2.85043428638e-07
