#TI MAX Error vs. resolution, MPI ranks=1, threads=1
#TX Simulation type
#TY Resolution
N\SimType	nr_spec_spec_agrid	rexi_m008192	rexi_par_m008192	rexi_m016384	rexi_par_m016384	rexi_m131072	rexi_par_m131072
128	8.33240676065e-06	0.000280799087041	0.000280799087041	1.53535438659e-05	1.53535438659e-05	9.69799715422e-07	9.69799715422e-07
