#TI MAX Error vs. resolution, MPI ranks=1, threads=8
#TX Simulation type
#TY Resolution
N\SimType	nr_spec_spec_agrid	rexi_m008192	rexi_par_m008192	rexi_m016384	rexi_par_m016384	rexi_m131072	rexi_par_m131072
128	8.3324049243e-06	0.000280799087043	0.000280799087042	1.53535438654e-05	1.53535438644e-05	9.69799716311e-07	9.69799715644e-07
