#TI MAX Error vs. resolution, MPI ranks=12, threads=28
#TX Simulation type
#TY Resolution
N\SimType	nr_spec_spec_agrid	rexi_m008192	rexi_par_m008192	rexi_m016384	rexi_par_m016384	rexi_m131072	rexi_par_m131072
32	-	0.000271193385337	0.00027119338534	1.48285749488e-05	1.48285749484e-05	9.36912477822e-07	9.3691247649e-07
64	-	0.000279582389878	0.000279582389881	1.52872284701e-05	1.52872284696e-05	9.65626440363e-07	9.65626436811e-07
128	-	0.000280799087043	0.000280799087042	1.53535438636e-05	1.53535438683e-05	9.69799717643e-07	9.69799714756e-07
