#TI MAX Error vs. resolution, MPI ranks=24, threads=4
#TX Simulation type
#TY Resolution
N\SimType	nr_spec_spec_agrid	rexi_m008192	rexi_par_m008192	rexi_m016384	rexi_par_m016384	rexi_m131072	rexi_par_m131072
32	-	0.000271193385337	0.00027119338534	1.48285749468e-05	1.48285749506e-05	9.36912476934e-07	9.3691247649e-07
64	-	0.000279582389881	0.000279582389879	1.52872284719e-05	1.52872284701e-05	9.65626441252e-07	9.65626441474e-07
128	-	0.000280799087041	0.000280799087043	1.53535438673e-05	1.53535438689e-05	9.697997152e-07	9.69799716088e-07
