#TI MAX Error vs. resolution, MPI ranks=48, threads=1
#TX Simulation type
#TY Resolution
N\SimType	nr_spec_spec_agrid	rexi_m008192	rexi_par_m008192	rexi_m016384	rexi_par_m016384	rexi_m131072	rexi_par_m131072
32	-	0.000271193385338	0.000271193385338	1.48285749477e-05	1.48285749477e-05	9.36912479377e-07	9.36912479377e-07
64	-	0.000279582389879	0.000279582389879	1.52872284727e-05	1.52872284727e-05	9.65626440363e-07	9.65626440363e-07
128	-	0.000280799087042	0.000280799087042	1.53535438671e-05	1.53535438671e-05	9.69799716088e-07	9.69799716088e-07
