#TI MAX Error vs. resolution, MPI ranks=192, threads=4
#TX Simulation type
#TY Resolution
N\SimType	nr_spec_spec_agrid	rexi_m008192	rexi_par_m008192	rexi_m016384	rexi_par_m016384	rexi_m131072	rexi_par_m131072
32	-	0.00027119338534	0.000271193385338	1.48285749484e-05	1.48285749495e-05	9.36912477156e-07	9.36912478045e-07
64	-	0.00027958238988	0.00027958238988	1.52872284703e-05	1.52872284699e-05	9.65626436145e-07	9.65626438365e-07
128	-	0.000280799087042	0.000280799087042	1.53535438683e-05	1.53535438688e-05	9.69799716088e-07	9.69799717199e-07
