#TI RMS Error vs. resolution, MPI ranks=12, threads=28
#TX Simulation type
#TY Resolution
N\SimType	nr_spec_spec_agrid	rexi_m008192	rexi_par_m008192	rexi_m016384	rexi_par_m016384	rexi_m131072	rexi_par_m131072
32	-	0.000116396508585	0.000116396508585	6.36206177153e-06	6.3620617715e-06	3.9828981439e-07	3.98289814488e-07
64	-	0.000116396508585	0.000116396508585	6.36206177158e-06	6.36206177183e-06	3.98289814381e-07	3.98289814247e-07
128	-	0.000116396508585	0.000116396508585	6.36206177156e-06	6.36206177155e-06	3.98289814374e-07	3.9828981431e-07
