#TI MAX Error vs. resolution, MPI ranks=12, threads=1
#TX Simulation type
#TY Resolution
N\SimType	nr_spec_spec_agrid	rexi_m008192	rexi_par_m008192	rexi_m016384	rexi_par_m016384	rexi_m131072	rexi_par_m131072
32	-	0.000271193385337	0.000271193385337	1.48285749488e-05	1.48285749488e-05	9.36912477822e-07	9.36912477822e-07
64	-	0.000279582389881	0.000279582389881	1.52872284714e-05	1.52872284714e-05	9.65626441252e-07	9.65626441252e-07
128	-	0.00028079908704	0.00028079908704	1.53535438658e-05	1.53535438658e-05	9.69799716311e-07	9.69799716311e-07
