#TI RMS Error vs. resolution, MPI ranks=48, threads=8
#TX Simulation type
#TY Resolution
N\SimType	nr_spec_spec_agrid	rexi_m008192	rexi_par_m008192	rexi_m016384	rexi_par_m016384	rexi_m131072	rexi_par_m131072
32	-	0.000116396508585	0.000116396508585	6.36206177158e-06	6.3620617716e-06	3.98289814503e-07	3.98289814358e-07
64	-	0.000116396508585	0.000116396508585	6.36206177184e-06	6.36206177172e-06	3.98289814251e-07	3.98289814342e-07
128	-	0.000116396508585	0.000116396508585	6.36206177176e-06	6.3620617716e-06	3.98289814359e-07	3.98289814279e-07
