#TI RMS Error vs. resolution, MPI ranks=24, threads=14
#TX Simulation type
#TY Resolution
N\SimType	nr_spec_spec_agrid	rexi_m008192	rexi_par_m008192	rexi_m016384	rexi_par_m016384	rexi_m131072	rexi_par_m131072
32	-	0.000116396508585	0.000116396508585	6.3620617716e-06	6.36206177157e-06	3.98289814361e-07	3.98289814345e-07
64	-	0.000116396508585	0.000116396508585	6.36206177159e-06	6.36206177177e-06	3.98289814382e-07	3.98289814215e-07
128	-	0.000116396508585	0.000116396508585	6.3620617716e-06	6.36206177168e-06	3.98289814278e-07	3.98289814194e-07
