#TI RMS Error vs. resolution, MPI ranks=3072, threads=1
#TX Simulation type
#TY Resolution
N\SimType	nr_spec_spec_agrid	rexi_m008192	rexi_par_m008192	rexi_m016384	rexi_par_m016384	rexi_m131072	rexi_par_m131072
32	-	0.000116396508585	0.000116396508585	6.36206177157e-06	6.36206177157e-06	3.98289814294e-07	3.98289814294e-07
64	-	0.000116396508585	0.000116396508585	6.36206177178e-06	6.36206177178e-06	3.98289814394e-07	3.98289814394e-07
128	-	0.000116396508585	0.000116396508585	6.36206177163e-06	6.36206177163e-06	3.98289814486e-07	3.98289814486e-07
