#TI RMS Error vs. resolution, MPI ranks=768, threads=4
#TX Simulation type
#TY Resolution
N\SimType	nr_spec_spec_agrid	rexi_m008192	rexi_par_m008192	rexi_m016384	rexi_par_m016384	rexi_m131072	rexi_par_m131072
32	-	0.000116396508585	0.000116396508585	6.36206177152e-06	6.36206177157e-06	3.98289814354e-07	3.98289814253e-07
64	-	0.000116396508585	0.000116396508585	6.36206177174e-06	6.36206177161e-06	3.98289814425e-07	3.9828981433e-07
128	-	0.000116396508585	0.000116396508585	6.36206177169e-06	6.3620617718e-06	3.98289814261e-07	3.98289814274e-07
