#TI MAX Error vs. resolution, MPI ranks=1, threads=4
#TX Simulation type
#TY Resolution
N\SimType	nr_spec_spec_agrid	rexi_m008192	rexi_par_m008192	rexi_m016384	rexi_par_m016384	rexi_m131072	rexi_par_m131072
32	E	0.000271193385338	0.000271193385338	1.48285749488e-05	1.48285749493e-05	9.3691247649e-07	9.36912477378e-07
64	E	0.000279582389879	0.00027958238988	1.52872284714e-05	1.52872284712e-05	9.65626438809e-07	9.65626440141e-07
128	E	0.000280799087042	0.000280799087043	1.53535438663e-05	1.53535438642e-05	9.69799715644e-07	9.69799716533e-07
