#TI h=0.2, dt=1, DT=1,  waves
#TX REXI parameter M
#TY Resolution N
N\M	16	32	64	128	256	512	1024	2048	4096	8192	16384	32768
8	1.30551969309	1.32442539588	1.33825235512	0.27680998044	0.010488638225	0.00247050628431	0.000405760738241	0.000152303437954	2.42005081568e-05	9.76364363082e-06	5.3506393107e-07	2.04660027794e-07
16	1.30551969309	1.32442539588	1.33825235512	0.27680998044	0.010488638225	0.00247050628431	0.000405760738241	0.000152303437954	2.42005081572e-05	9.76364363056e-06	5.35063930624e-07	2.04660028075e-07
32	1.30551969309	1.32442539588	1.33825235512	0.27680998044	0.010488638225	0.00247050628431	0.000405760738241	0.000152303437954	2.42005081567e-05	9.76364363096e-06	5.35063931207e-07	2.04660027552e-07
64	1.30551969309	1.32442539588	1.33825235512	0.27680998044	0.010488638225	0.00247050628431	0.000405760738241	0.000152303437954	2.42005081567e-05	9.76364363105e-06	5.35063931055e-07	2.04660027715e-07
128	1.30551969309	1.32442539588	1.33825235512	0.27680998044	0.010488638225	0.00247050628431	0.000405760738241	0.000152303437954	2.42005081568e-05	9.76364363073e-06	5.35063931245e-07	2.0466002766e-07
256	1.30551969309	1.32442539588	1.33825235512	0.27680998044	0.010488638225	0.00247050628431	0.000405760738241	0.000152303437954	2.42005081568e-05	9.76364363058e-06	5.35063930838e-07	2.04660027774e-07
