#TI h=0.2, dt=1, DT=1,  Gaussian
#TX REXI parameter M
#TY Resolution N
N\M	16	32	64	128	256	512	1024	2048	4096	8192	16384	32768
8	0.199575353122	0.122699909058	0.0120893137376	5.63278493774e-06	1.05812783411e-09	1.05736126089e-09	1.05698114616e-09	1.05706348687e-09	1.05704390291e-09	1.05703722667e-09	1.05703923009e-09	1.05703945186e-09
16	0.199592219884	0.122716245638	0.0121310170858	0.000238243229743	2.46005751213e-09	1.05733751924e-09	1.05695762744e-09	1.05703974623e-09	1.05701993957e-09	1.05701326464e-09	1.05701548868e-09	1.05701571185e-09
32	0.199596841863	0.122720594199	0.0121358876347	0.000244188429187	3.06097654282e-05	1.18997139439e-09	1.0569500832e-09	1.0570324233e-09	1.0570128403e-09	1.05700616403e-09	1.05700816711e-09	1.05700838977e-09
64	0.199598044017	0.122721742894	0.0121370735326	0.000247456207524	4.47545497287e-05	1.34952782145e-05	1.05948556066e-09	1.05703064886e-09	1.05701106498e-09	1.05700438854e-09	1.05700639207e-09	1.05700661433e-09
128	0.199598347441	0.122722034088	0.0121373678977	0.000248419406191	4.85406200409e-05	1.85414417308e-05	5.16155193253e-06	1.05707645207e-09	1.05701039906e-09	1.05700372249e-09	1.0570059477e-09	1.0570061704e-09
256	0.199598423478	0.122722107141	0.0121374413658	0.00024867027897	4.95033529789e-05	1.98411165084e-05	6.94360696022e-06	1.81159110147e-06	1.05701120362e-09	1.05700350067e-09	1.05700572609e-09	1.05700594856e-09
