#TI res=64x64, dt=1, DT=1, Sin*cos waves
#TX REXI parameter M
#TY Wave parameter W
W\M	16	32	64	128	256	512	1024	2048	4096	8192	16384	32768
1	0.496302674023	0.497222311295	0.501358046498	0.0654109768347	0.00383783920267	0.00087498351451	0.000142830220872	5.35382704467e-05	8.50415825827e-06	3.43069110902e-06	1.88004973395e-07	7.19164185476e-08
2	0.733534280665	0.732827073163	0.732643176692	0.732992052801	0.292143539778	0.00215541400414	0.000298567997404	0.000108241577863	1.70541990273e-05	6.86604491801e-06	3.7612582441e-07	1.43773145717e-07
3	0.396496897485	0.394552335464	0.393909412046	0.392387443679	0.35539960567	0.00546126550387	0.000484737925225	0.00016536868143	2.56970327758e-05	1.03106206661e-05	5.64360064308e-07	2.15657213007e-07
4	0.5961055005	0.595301114625	0.595038669736	0.594440086935	0.591978797126	0.0481900054953	0.000732210746657	0.00022638223821	3.44813362004e-05	1.37690976108e-05	7.52775754074e-07	2.87567582569e-07
5	0.440457452279	0.440657287166	0.440715551537	0.440810470414	0.440755997474	0.329494029449	0.0011099545197	0.000293098221139	4.34586434218e-05	1.72462275312e-05	9.41446057778e-07	3.595000458e-07
6	0.669563694561	0.670322973301	0.670557297382	0.671020131406	0.671934152108	0.520985889817	0.001824850301	0.000367910055524	5.26845141621e-05	2.07468382428e-05	1.13042865114e-06	4.31466478771e-07
7	0.593622827153	0.594472539047	0.594733971799	0.59524703811	0.596229894721	0.526334710448	0.00394468824566	0.000454152861175	6.22198395489e-05	2.42758857794e-05	1.31979312124e-06	5.03467320365e-07
