#TI RMS Error vs. resolution, MPI ranks=1, threads=28
#TX Simulation type
#TY Resolution
N\SimType	nr_spec_spec_agrid	rexi_par_m000064	rexi_par_m000128	rexi_par_m000256	rexi_par_m000512	rexi_par_m001024	rexi_par_m002048	rexi_par_m008192	rexi_par_m016384	rexi_par_m032768	rexi_par_m065536	rexi_par_m131072	rexi_par_m262144	rexi_par_m1048576	rexi_par_m2097152
32	0.000770900902442	0.658488436954	0.658488436954	0.658488436954	0.457493132137	0.00652723060268	0.00191882202933	0.000116396508585	6.3620617715e-06	2.43029839101e-06	9.98478089868e-07	3.98289814376e-07	1.047115116e-07	1.18278783528e-08	9.42498214273e-09
64	5.71241267531e-05	0.658488436954	0.658488436954	0.658488436954	0.457493132137	0.00652723060268	0.00191882202933	0.000116396508585	6.36206177178e-06	2.43029839099e-06	9.98478089654e-07	3.98289814095e-07	1.04711511498e-07	1.18278782308e-08	9.42498208782e-09
128	3.85741413706e-06	0.658488436954	0.658488436954	0.658488436954	0.457493132137	0.00652723060268	0.00191882202933	0.000116396508585	6.36206177175e-06	2.43029839107e-06	9.98478089942e-07	3.98289814525e-07	1.04711511513e-07	1.18278784761e-08	9.42498211821e-09
256	2.50439025446e-07	0.658488436954	0.658488436954	0.658488436954	0.457493132137	0.00652723060268	0.00191882202933	0.000116396508585	6.36206177175e-06	2.43029839092e-06	9.98478089623e-07	3.98289814245e-07	1.04711511243e-07	1.18278781802e-08	9.4249822811e-09
512	1.59583378155e-08	0.658488436954	0.658488436954	0.658488436954	0.457493132137	0.00652723060268	0.00191882202933	0.000116396508585	6.36206177179e-06	2.43029839081e-06	9.98478089397e-07	3.98289814093e-07	1.04711511235e-07	1.18278781568e-08	E
