#TI res=32x32, dt=1, DT=1, Sin*cos waves
#TX REXI parameter M
#TY Wave parameter W
W\M	16	32	64	128	256	512	1024	2048	4096	8192	16384	32768
1	0.496302674023	0.497222311295	0.501358046498	0.0654109768347	0.00383783920267	0.00087498351451	0.000142830220873	5.35382704466e-05	8.50415825824e-06	3.43069110908e-06	1.8800497341e-07	7.19164185649e-08
2	0.733534280665	0.732827073163	0.732643176692	0.732992052801	0.292143539778	0.00215541400414	0.000298567997404	0.000108241577863	1.70541990273e-05	6.86604491794e-06	3.76125824391e-07	1.43773145734e-07
3	0.396496897485	0.394552335464	0.393909412046	0.392387443679	0.35539960567	0.00546126550387	0.000484737925225	0.00016536868143	2.56970327757e-05	1.03106206661e-05	5.64360064342e-07	2.15657212984e-07
4	0.595725856958	0.594961468502	0.594711110534	0.594136664208	0.591728149051	0.00285776444227	0.000285883198143	9.83877446597e-05	1.53146487007e-05	6.14726751194e-06	3.36509787626e-07	1.285937982e-07
5	0.299500885757	0.298775664115	0.298546666271	0.298061987879	0.296736772486	0.00969857300017	0.000591965162926	0.000194643290998	2.99986157892e-05	1.20124317694e-05	6.5718504209e-07	2.51093766976e-07
6	0.46311795365	0.463395953763	0.463484209491	0.463666739576	0.464164232417	0.184342175772	0.000585821915362	0.000181993130357	2.77786754184e-05	1.10988780844e-05	6.06877206972e-07	2.31843546338e-07
7	0.474991261812	0.475283315306	0.475362938599	0.475447014519	0.467589040642	0.372474098854	0.000706036753081	0.000190211294332	2.82764723358e-05	1.12278184808e-05	6.12993847191e-07	2.34091110774e-07
