#TI res=16x16, dt=1, DT=1, Sin*cos waves
#TX REXI parameter M
#TY Wave parameter W
W\M	16	32	64	128	256	512	1024	2048	4096	8192	16384	32768
1	0.496302674023	0.497222311295	0.501358046498	0.0654109768347	0.00383783920267	0.00087498351451	0.000142830220872	5.35382704467e-05	8.50415825833e-06	3.43069110899e-06	1.88004973307e-07	7.19164186531e-08
2	0.54949438847	0.5506532603	0.551148228631	0.553668900729	0.00496833023899	0.00083894270367	0.000129803881717	4.80763805796e-05	7.61388620371e-06	3.06927898315e-06	1.68184631596e-07	6.43093729965e-08
3	0.179954952394	0.178628017345	0.178173165752	0.177266747314	0.0793349297755	0.00172445886599	0.000240031721422	8.72013328288e-05	1.37469026249e-05	5.53531358643e-06	3.03235686808e-07	1.1591813143e-07
4	0.665819893145	0.665819893146	0.665819893147	0.0271481435715	0.0406221963632	0.0406221963642	0.0406221963644	0.0406221963644	0.0406221963644	0.0406221963644	0.0406221963644	0.0406221963644
5	0.26809493525	0.267219412049	0.266861814842	0.265333237769	0.120650442863	0.00175276510753	0.00024110783646	8.73016969993e-05	1.37508884771e-05	5.5357167957e-06	3.03243678147e-07	1.15916136438e-07
6	0.368864440337	0.371350975528	0.372407063638	0.37773208998	0.00496833024106	0.000838942705218	0.000129803880261	4.80763820508e-05	7.61388767127e-06	3.06927751672e-06	1.68183164785e-07	6.43108394895e-08
7	0.290002568575	0.295142390605	0.302532555046	0.137342513321	0.0299914598445	0.0010491046889	0.000148295486132	5.40295296037e-05	8.52349111149e-06	3.43264778883e-06	1.88048421371e-07	7.19019922022e-08
