#TI MAX Error vs. resolution, MPI ranks=1, threads=8
#TX Simulation type
#TY Resolution
N\SimType	nr_spec_spec_agrid	rexi_m008192	rexi_par_m008192	rexi_m016384	rexi_par_m016384	rexi_m131072	rexi_par_m131072
32	E	0.000271193385338	0.000271193385338	1.48285749488e-05	1.48285749489e-05	9.3691247649e-07	9.36912477156e-07
64	E	0.000279582389878	0.00027958238988	1.52872284709e-05	1.5287228472e-05	9.65626439031e-07	9.6562644103e-07
128	E	0.000280799087043	0.000280799087042	1.53535438654e-05	1.53535438644e-05	9.69799716311e-07	9.69799715644e-07
