#TI MAX Error vs. resolution, MPI ranks=12, threads=14
#TX Simulation type
#TY Resolution
N\SimType	nr_spec_spec_agrid	rexi_m008192	rexi_par_m008192	rexi_m016384	rexi_par_m016384	rexi_m131072	rexi_par_m131072
32	-	0.000271193385337	0.000271193385338	1.48285749488e-05	1.48285749489e-05	9.36912477822e-07	9.36912479155e-07
64	-	0.000279582389879	0.000279582389881	1.52872284693e-05	1.52872284704e-05	9.65626440363e-07	9.65626440141e-07
128	-	0.000280799087041	0.000280799087042	1.53535438646e-05	1.53535438682e-05	9.69799716755e-07	9.69799714978e-07
