#TI RMS Error vs. resolution, MPI ranks=48, threads=14
#TX Simulation type
#TY Resolution
N\SimType	nr_spec_spec_agrid	rexi_m008192	rexi_par_m008192	rexi_m016384	rexi_par_m016384	rexi_m131072	rexi_par_m131072
32	-	0.000116396508585	0.000116396508585	6.36206177145e-06	6.36206177147e-06	3.98289814352e-07	3.98289814394e-07
64	-	0.000116396508585	0.000116396508585	6.36206177161e-06	6.36206177174e-06	3.98289814507e-07	3.98289814232e-07
128	-	0.000116396508585	0.000116396508585	6.36206177165e-06	6.36206177164e-06	3.98289814317e-07	3.98289814228e-07
