#TI MAX Error vs. resolution, MPI ranks=24, threads=1
#TX Simulation type
#TY Resolution
N\SimType	nr_spec_spec_agrid	rexi_m008192	rexi_par_m008192	rexi_m016384	rexi_par_m016384	rexi_m131072	rexi_par_m131072
32	-	0.000271193385337	0.000271193385337	1.48285749467e-05	1.48285749467e-05	9.369124776e-07	9.369124776e-07
64	-	0.000279582389879	0.000279582389879	1.52872284721e-05	1.52872284721e-05	9.6562644103e-07	9.6562644103e-07
128	-	0.000280799087042	0.000280799087042	1.53535438673e-05	1.53535438673e-05	9.69799715644e-07	9.69799715644e-07
