#TI RMS Error vs. resolution, MPI ranks=192, threads=4
#TX Simulation type
#TY Resolution
N\SimType	nr_spec_spec_agrid	rexi_m008192	rexi_par_m008192	rexi_m016384	rexi_par_m016384	rexi_m131072	rexi_par_m131072
32	-	0.000116396508585	0.000116396508585	6.3620617717e-06	6.36206177155e-06	3.98289814448e-07	3.98289814354e-07
64	-	0.000116396508585	0.000116396508585	6.36206177157e-06	6.3620617718e-06	3.98289814341e-07	3.98289814281e-07
128	-	0.000116396508585	0.000116396508585	6.36206177173e-06	6.36206177159e-06	3.98289814286e-07	3.98289814272e-07
