#TI MAX Error vs. resolution, MPI ranks=1, threads=28
#TX Simulation type
#TY Resolution
N\SimType	nr_spec_spec_agrid	rexi_m008192	rexi_par_m008192	rexi_m016384	rexi_par_m016384	rexi_m131072	rexi_par_m131072
32	E	0.000271193385338	0.000271193385339	1.48285749488e-05	1.48285749493e-05	9.3691247649e-07	9.36912478267e-07
64	E	0.000279582389879	0.000279582389879	1.52872284703e-05	1.52872284711e-05	9.65626440586e-07	9.65626439697e-07
128	E	0.000280799087042	0.000280799087042	1.53535438647e-05	1.53535438683e-05	9.697997152e-07	9.69799717421e-07
