#TI RMS Error vs. resolution, MPI ranks=12, threads=14
#TX Simulation type
#TY Resolution
N\SimType	nr_spec_spec_agrid	rexi_m008192	rexi_par_m008192	rexi_m016384	rexi_par_m016384	rexi_m131072	rexi_par_m131072
32	-	0.000116396508585	0.000116396508585	6.36206177153e-06	6.36206177162e-06	3.9828981439e-07	3.98289814294e-07
64	-	0.000116396508585	0.000116396508585	6.36206177163e-06	6.36206177169e-06	3.98289814391e-07	3.98289814356e-07
128	-	0.000116396508585	0.000116396508585	6.36206177159e-06	6.36206177151e-06	3.98289814367e-07	3.9828981423e-07
