#TI MAX Error vs. resolution, MPI ranks=24, threads=8
#TX Simulation type
#TY Resolution
N\SimType	nr_spec_spec_agrid	rexi_m008192	rexi_par_m008192	rexi_m016384	rexi_par_m016384	rexi_m131072	rexi_par_m131072
32	-	0.000271193385337	0.000271193385339	1.48285749459e-05	1.48285749485e-05	9.36912475824e-07	9.369124776e-07
64	-	0.000279582389878	0.00027958238988	1.52872284727e-05	1.52872284694e-05	9.65626439253e-07	9.65626436811e-07
128	-	0.00028079908704	0.000280799087043	1.53535438663e-05	1.53535438683e-05	9.69799716311e-07	9.69799717421e-07
