#TI MAX Error vs. resolution, MPI ranks=48, threads=14
#TX Simulation type
#TY Resolution
N\SimType	nr_spec_spec_agrid	rexi_m008192	rexi_par_m008192	rexi_m016384	rexi_par_m016384	rexi_m131072	rexi_par_m131072
32	-	0.000271193385338	0.000271193385338	1.48285749471e-05	1.48285749491e-05	9.36912479155e-07	9.36912474048e-07
64	-	0.00027958238988	0.000279582389881	1.52872284719e-05	1.52872284698e-05	9.65626442362e-07	9.65626438143e-07
128	-	0.000280799087042	0.000280799087043	1.53535438665e-05	1.53535438684e-05	9.69799716088e-07	9.69799716311e-07
