#TI MAX Error vs. resolution, MPI ranks=12, threads=4
#TX Simulation type
#TY Resolution
N\SimType	nr_spec_spec_agrid	rexi_m008192	rexi_par_m008192	rexi_m016384	rexi_par_m016384	rexi_m131072	rexi_par_m131072
32	-	0.000271193385338	0.000271193385338	1.48285749503e-05	1.48285749473e-05	9.36912476268e-07	9.369124776e-07
64	-	0.000279582389879	0.00027958238988	1.52872284701e-05	1.52872284721e-05	9.65626440141e-07	9.6562644103e-07
128	-	0.000280799087042	0.000280799087041	1.53535438659e-05	1.53535438683e-05	9.69799717199e-07	9.69799716088e-07
