#TI MAX Error vs. resolution, MPI ranks=12, threads=8
#TX Simulation type
#TY Resolution
N\SimType	nr_spec_spec_agrid	rexi_m008192	rexi_par_m008192	rexi_m016384	rexi_par_m016384	rexi_m131072	rexi_par_m131072
32	-	0.000271193385338	0.00027119338534	1.48285749504e-05	1.48285749488e-05	9.36912476046e-07	9.36912478045e-07
64	-	0.000279582389879	0.00027958238988	1.5287228472e-05	1.52872284692e-05	9.65626438809e-07	9.65626441252e-07
128	-	0.000280799087041	0.000280799087042	1.53535438659e-05	1.53535438694e-05	9.69799713646e-07	9.69799715422e-07
