#TI RMS Error vs. resolution, MPI ranks=1, threads=28
#TX Simulation type
#TY Resolution
N\SimType	nr_spec_spec_agrid	rexi_m008192	rexi_par_m008192	rexi_m016384	rexi_par_m016384	rexi_m131072	rexi_par_m131072
32	E	0.000116396508585	0.000116396508585	6.36206177155e-06	6.3620617715e-06	3.98289814475e-07	3.98289814376e-07
64	E	0.000116396508585	0.000116396508585	6.36206177166e-06	6.36206177178e-06	3.98289814375e-07	3.98289814095e-07
128	E	0.000116396508585	0.000116396508585	6.36206177158e-06	6.36206177175e-06	3.98289814351e-07	3.98289814525e-07
