#TI RMS Error vs. resolution, MPI ranks=24, threads=4
#TX Simulation type
#TY Resolution
N\SimType	nr_spec_spec_agrid	rexi_m008192	rexi_par_m008192	rexi_m016384	rexi_par_m016384	rexi_m131072	rexi_par_m131072
32	-	0.000116396508585	0.000116396508585	6.36206177146e-06	6.36206177167e-06	3.9828981445e-07	3.98289814553e-07
64	-	0.000116396508585	0.000116396508585	6.36206177172e-06	6.36206177184e-06	3.98289814441e-07	3.98289814161e-07
128	-	0.000116396508585	0.000116396508585	6.36206177169e-06	6.36206177163e-06	3.98289814283e-07	3.98289814377e-07
