#TI RMS Error vs. resolution, MPI ranks=1, threads=1
#TX Simulation type
#TY Resolution
N\SimType	rexi_dt00_001_m000001	rexi_dt0_0015_m000002	rexi_dt00_005_m000008	rexi_dt000_01_m000016	rexi_dt000_05_m000081	rexi_dt0000_1_m000163	rexi_dt0000_2_m000327	rexi_dt0000_5_m000819	rexi_dt000001_m001638	rexi_dt000002_m003276	rexi_dt000005_m008190	rexi_dt000010_m016380	rexi_dt000025_m040950
128	1.19656210327	1.19656210321	0.658344160092	0.679202506276	1.01456162902	108.004341132	0.0581063883771	0.00188650090624	0.00199725780345	0.00103727024613	0.000114495827593	2.30993609126e-05	1.19652086432e-07
