#TI MAX Error vs. resolution, MPI ranks=28, threads=1
#TX Simulation type
#TY Resolution
N\SimType	nr_fd_cart_cgrid	rexi_m000064	rexi_par_m000064	rexi_m000128	rexi_par_m000128	rexi_m000256	rexi_par_m000256	rexi_m000512	rexi_par_m000512
64	-	1.64598977809	1.64598977809	1.64598977808	1.64598977808	1.64598977807	1.64598977807	0.942659653175	0.942659653175
128	-	1.64356770999	1.64356770999	1.64356770998	1.64356770998	1.64356770997	1.64356770997	0.955690282121	0.955690282121
256	-	1.64703946849	1.64703946849	1.64703946848	1.64703946848	1.64703946847	1.64703946847	0.958857375729	0.958857375729
512	-	1.64785516456	1.64785516456	1.64785516455	1.64785516455	1.64785516454	1.64785516454	0.959631252637	0.959631252637
