#TI eps=1, h=0.2, dt=1e-05, DT=0.01, waves
#TX REXI parameter M
#TY Resolution N
N\M	1	2	4	8	16	32	64	128	256	512	1024	2048	4096	8192
8	1.22230677609	1.22230677609	0.576156082559	0.0526227973711	0.00574737854532	0.000318048505448	0.00027580557194	0.00018101756086	8.15187232961e-05	2.29772742431e-05	3.55796392207e-06	2.17808761727e-06	1.25746397682e-06	1.11574204623e-06
16	1.22230677609	1.22230677609	0.576156082559	0.0526227973711	0.00574737854531	0.000318048505454	0.000275805571937	0.000181017560852	8.15187232867e-05	2.29772742361e-05	3.55796392905e-06	2.17808760713e-06	1.25746396675e-06	1.11574204527e-06
32	1.22230677609	1.22230677609	0.576156082559	0.0526227973711	0.00574737854532	0.000318048505442	0.000275805571948	0.000181017560865	8.15187233015e-05	2.29772742506e-05	3.55796391929e-06	2.178087622e-06	1.25746398032e-06	1.11574205182e-06
64	1.22230677609	1.22230677609	0.576156082559	0.0526227973711	0.00574737854534	0.000318048505422	0.000275805571966	0.000181017560885	8.15187233203e-05	2.29772742704e-05	3.5579639042e-06	2.17808764193e-06	1.25746400341e-06	1.11574206587e-06
128	1.22230677609	1.22230677609	0.576156082559	0.0526227973711	0.00574737854531	0.000318048505462	0.000275805571926	0.000181017560843	8.1518723278e-05	2.2977274227e-05	3.55796393711e-06	2.17808760096e-06	1.25746397232e-06	1.11574205549e-06
