#TI eps=1, h=0.2, dt=0.01, DT=0.001, waves
#TX REXI parameter M
#TY Resolution N
N\M	1	2	4	8	16	32	64	128	256	512	1024	2048	4096
8	0.362339036341	0.229210506507	0.0121297392311	0.0551660471648	0.00603421193072	0.000333874108489	0.000287061941961	0.000188243126992	8.45074528432e-05	2.3461474719e-05	4.00708905324e-06	1.51864921161e-06	2.4218986666e-07
16	0.362339036341	0.229210506507	0.0121297392311	0.0551660471648	0.00603421193072	0.000333874108489	0.000287061941961	0.000188243126992	8.45074528432e-05	2.3461474719e-05	4.00708905319e-06	1.51864921161e-06	2.4218986673e-07
32	0.362339036341	0.229210506507	0.0121297392311	0.0551660471648	0.00603421193072	0.000333874108489	0.000287061941962	0.000188243126992	8.45074528434e-05	2.34614747191e-05	4.00708905311e-06	1.51864921161e-06	2.42189866904e-07
64	0.362339036341	0.229210506507	0.0121297392311	0.0551660471648	0.00603421193072	0.000333874108489	0.000287061941961	0.000188243126992	8.45074528432e-05	2.34614747191e-05	4.00708905314e-06	1.51864921163e-06