#TI eps=1, h=0.2, dt=0.0001, DT=0.01, waves
#TX REXI parameter M
#TY Resolution N
N\M	1	2	4	8	16	32	64	128	256	512	1024	2048	4096	8192
8	1.22365282237	1.22085739199	0.0738994043726	0.0530934665979	0.0057986332595	0.000321313891699	0.00027787645588	0.000182235347951	8.18384604888e-05	2.27534252223e-05	3.83494805396e-06	1.51862998649e-06	2.99097744872e-07	1.17540363814e-07
16	1.22365282237	1.22085739199	0.0738994043726	0.0530934665979	0.0057986332595	0.000321313891699	0.000277876455879	0.000182235347951	8.18384604878e-05	2.2753425221e-05	3.83494805584e-06	1.51862998509e-06	2.99097744267e-07	1.17540363566e-07
32	1.22365282237	1.22085739199	0.0738994043726	0.0530934665979	0.00579863325951	0.000321313891699	0.000277876455881	0.000182235347953	8.18384604893e-05	2.27534252234e-05	3.83494805416e-06	1.51862998682e-06	2.99097744184e-07