#TI Threads vs. simulation time N^2=32^2, DT=50, A=1
#TX Simulation type
#TY number of threads (compact)
threads\SimType	nr_spec_spec_agrid	rexi_par_m000064	rexi_par_m000128	rexi_par_m000256	rexi_par_m000512	rexi_par_m001024	rexi_par_m002048	rexi_par_m008192	rexi_par_m016384	rexi_par_m032768	rexi_par_m065536	rexi_par_m131072	rexi_par_m262144	rexi_par_m1048576	rexi_par_m2097152
28 cores (1 ranks / 28 threads)	4.727847	0.050551	0.074697	0.076429	0.169598	0.294742	0.531154	1.966039	3.872561	7.865798	15.629262	30.499736	62.358713	247.253518	491.986529
