#TI MAX Error vs. resolution, MPI ranks=1, threads=28
#TX Simulation type
#TY Resolution
N\SimType	nr_spec_spec_agrid	rexi_par_m000064	rexi_par_m000128	rexi_par_m000256	rexi_par_m000512	rexi_par_m001024	rexi_par_m002048	rexi_par_m008192	rexi_par_m016384	rexi_par_m032768	rexi_par_m065536	rexi_par_m131072	rexi_par_m262144	rexi_par_m1048576	rexi_par_m2097152
32	0.00164857915504	1.62842286497	1.62842286496	1.62842286495	0.890269739867	0.0153895150462	0.00448925341355	0.000271193385339	1.48285749493e-05	5.67009370234e-06	2.33500897551e-06	9.36912478267e-07	2.52396812561e-07	2.62355039915e-08	1.14372378235e-08
64	0.000123304150377	1.64598977809	1.64598977808	1.64598977807	0.942659653175	0.0158459270046	0.00462683075747	0.000279582389879	1.52872284711e-05	5.84531693848e-06	2.40700052156e-06	9.65626439697e-07	2.59921587364e-07	2.6759438887e-08	1.14692566555e-08
128	8.3323988076e-06	1.64356770999	1.64356770998	1.64356770997	0.955690282121	0.0159433488528	0.00464819712837	0.000280799087042	1.53535438683e-05	5.8706672077e-06	2.41742806817e-06	9.69799717421e-07	2.61032928162e-07	2.68591404673e-08	1.14698710529e-08
256	5.40118774897e-07	1.64703946849	1.64703946848	1.64703946847	0.958857375729	0.0159612642374	0.00464959657031	0.000280899224911	1.53591477466e-05	5.87282077302e-06	2.418314343e-06	9.70153575697e-07	2.61125962853e-07	2.68752047283e-08	1.14708558208e-08
512	3.43743084862e-08	1.64785516456	1.64785516455	1.64785516454	0.959631252637	0.0159592785218	0.00464979306704	0.000280919369439	1.53601811037e-05	5.87320888323e-06	2.41847303295e-06	9.70216677665e-07	2.61142344193e-07	2.68747279986e-08	E
