#TI Threads vs. simulation time N^2=64^2, DT=50, A=1
#TX Simulation type
#TY number of threads (compact)
threads\SimType	nr_spec_spec_agrid	rexi_par_m000064	rexi_par_m000128	rexi_par_m000256	rexi_par_m000512	rexi_par_m001024	rexi_par_m002048	rexi_par_m008192	rexi_par_m016384	rexi_par_m032768	rexi_par_m065536	rexi_par_m131072	rexi_par_m262144	rexi_par_m1048576	rexi_par_m2097152
28 cores (1 ranks / 28 threads)	15.866829	0.073211	0.097094	0.106719	0.205088	0.335544	0.637385	2.318826	4.493931	8.963432	17.79359	35.121133	69.860902	277.714102	553.831496
