#TI MAX Error vs. resolution, MPI ranks=1, threads=28
#TX Simulation type
#TY Resolution
N\SimType	nr_fd_cart_cgrid	rexi_m000064	rexi_par_m000064	rexi_m000092	rexi_par_m000092	rexi_m000128	rexi_par_m000128	rexi_m000256	rexi_par_m000256	rexi_m000512	rexi_par_m000512
64	1.22926126197	1.64598977809	1.64598977809	E	E	1.64598977808	1.64598977808	1.64598977807	1.64598977807	0.942659653175	0.942659653175
128	1.05749911415	1.64356770999	1.64356770999	E	E	1.64356770998	1.64356770998	1.64356770997	1.64356770997	0.955690282121	0.955690282121
