#TI Threads vs. simulation time N^2=256^2, DT=50, A=1
#TX Simulation type
#TY number of threads (compact)
threads\SimType	nr_spec_spec_agrid	rexi_par_m000064	rexi_par_m000128	rexi_par_m000256	rexi_par_m000512	rexi_par_m001024	rexi_par_m002048	rexi_par_m008192	rexi_par_m016384	rexi_par_m032768	rexi_par_m065536	rexi_par_m131072	rexi_par_m262144	rexi_par_m1048576	rexi_par_m2097152
28 cores (1 ranks / 28 threads)	109.398628	1.271903	2.015424	3.507737	6.459074	12.257567	23.795119	93.464277	185.550139	394.959619	744.501616	1500.916686	3112.127297	12846.180832	3164.481277
