#TI RMS Error vs. resolution, MPI ranks=3584, threads=1
#TX Simulation type
#TY Resolution
N\SimType	nr_fd_cart_cgrid	rexi_m000064	rexi_par_m000064	rexi_m000128	rexi_par_m000128	rexi_m000256	rexi_par_m000256	rexi_m000512	rexi_par_m000512
64	-	0.658488436954	0.658488436954	0.658488436954	0.658488436954	0.658488436954	0.658488436954	0.457493132137	0.457493132137
128	-	0.658488436954	0.658488436954	0.658488436954	0.658488436954	0.658488436954	0.658488436954	0.457493132137	0.457493132137
256	-	0.658488436954	0.658488436954	0.658488436954	0.658488436954	0.658488436954	0.658488436954	0.457493132137	0.457493132137
512	-	0.658488436954	0.658488436954	0.658488436954	0.658488436954	0.658488436954	0.658488436954	0.457493132137	0.457493132137
