#TI MAX Error vs. resolution, MPI ranks=1, threads=28
#TX Simulation type
#TY Resolution
N\SimType	nr_fd_cart_cgrid	rexi_fd_par_m0008	rexi_fd_par_m0016	rexi_fd_par_m0032	rexi_fd_par_m0064	rexi_fd_par_m0128	rexi_fd_par_m0256	rexi_fd_par_m0512	rexi_fd_par_m1024	rexi_fd_par_m2048	rexi_fd_par_m4096	rexi_fd_par_m8192	rexi_fd_par_m16384	rexi_fd_par_m32768
32	1.82051060419	1.6344351144	1.63402905019	1.63409973451	1.63430697428	2.23980207272	1.9145120793	1.90020383783	1.90314975466	1.90360993312	1.9034553382	1.90342315086	1.90342818719	1.90342982279
64	1.22926126197	1.6470949066	1.6469830136	1.64701138645	1.64707149372	1.42784792449	1.24419262867	1.20293008907	1.20936450275	1.21030865353	1.20999368781	1.20992833557	1.20993855654	1.20994187507
128	1.05749911415	1.64380500929	1.64377890085	1.64378642253	1.64380168082	1.04057286708	1.07000478047	1.02047452702	1.02840496465	1.02955142423	1.02916954469	1.02909032646	1.02910271572	1.02910673805
256	0.103959499598	1.64709671008	1.64709043479	1.64709232542	1.64709606217	1.00033673703	0.0557180680342	0.100285675503	0.0932845882105	0.0922760405689	0.0926117551172	0.0926813328448	0.0926704526731	0.0926669204005
512	0.0456962878888	1.64787281853	1.64787126974	1.64787174148	1.64787266527	0.998644727401	0.024093033379	0.0471857766804	0.0424685619334	0.0418302661896	0.042042048309	0.0420858954776	0.042079039855	0.0420768142962
