#TI RMS Error vs. resolution, MPI ranks=14, threads=2
#TX Simulation type
#TY Resolution
N\SimType	nr_spec_spec_agrid	rexi_m008192	rexi_par_m008192	rexi_m016384	rexi_par_m016384	rexi_m131072	rexi_par_m131072
128	-	0.000116396508585	0.000116396508585	6.36206177152e-06	6.36206177179e-06	3.98289814526e-07	3.98289814379e-07
