#TI MAX Error vs. resolution, MPI ranks=2, threads=1
#TX Simulation type
#TY Resolution
N\SimType	nr_spec_spec_agrid	rexi_m008192	rexi_par_m008192	rexi_m016384	rexi_par_m016384	rexi_m131072	rexi_par_m131072
128	-	0.000280799087043	0.000280799087043	1.53535438653e-05	1.53535438653e-05	9.697997152e-07	9.697997152e-07
