#TI RMS Error vs. resolution, MPI ranks=1, threads=2
#TX Simulation type
#TY Resolution
N\SimType	nr_spec_spec_agrid	rexi_m008192	rexi_par_m008192	rexi_m016384	rexi_par_m016384	rexi_m131072	rexi_par_m131072
128	3.85741662835e-06	0.000116396508585	0.000116396508585	6.36206177165e-06	6.36206177161e-06	3.98289814396e-07	3.9828981428e-07
