#TI MAX Error vs. resolution, MPI ranks=1, threads=28
#TX Simulation type
#TY Resolution
N\SimType	nr_spec_spec_agrid	rexi_m008192	rexi_par_m008192	rexi_m016384	rexi_par_m016384	rexi_m131072	rexi_par_m131072
128	8.3323988076e-06	0.000280799087042	0.000280799087042	1.53535438647e-05	1.53535438683e-05	9.697997152e-07	9.69799717421e-07
