#TI MAX Error vs. resolution, MPI ranks=24, threads=14
#TX Simulation type
#TY Resolution
N\SimType	nr_spec_spec_agrid	rexi_m008192	rexi_par_m008192	rexi_m016384	rexi_par_m016384	rexi_m131072	rexi_par_m131072
32	-	0.000271193385337	0.000271193385338	1.48285749467e-05	1.48285749483e-05	9.369124776e-07	9.36912476046e-07
64	-	0.000279582389878	0.000279582389879	1.52872284712e-05	1.52872284696e-05	9.65626440808e-07	9.65626436811e-07
128	-	0.000280799087041	0.000280799087042	1.53535438665e-05	1.53535438685e-05	9.69799715866e-07	9.697997152e-07
