#TI RMS Error vs. resolution, MPI ranks=48, threads=4
#TX Simulation type
#TY Resolution
N\SimType	nr_spec_spec_agrid	rexi_m008192	rexi_par_m008192	rexi_m016384	rexi_par_m016384	rexi_m131072	rexi_par_m131072
32	-	0.000116396508585	0.000116396508585	6.3620617716e-06	6.36206177157e-06	3.98289814503e-07	3.98289814412e-07
64	-	0.000116396508585	0.000116396508585	6.36206177164e-06	6.36206177173e-06	3.98289814323e-07	3.98289814362e-07
128	-	0.000116396508585	0.000116396508585	6.3620617717e-06	6.36206177163e-06	3.98289814365e-07	3.98289814261e-07
