#TI MAX Error vs. resolution, MPI ranks=48, threads=4
#TX Simulation type
#TY Resolution
N\SimType	nr_spec_spec_agrid	rexi_m008192	rexi_par_m008192	rexi_m016384	rexi_par_m016384	rexi_m131072	rexi_par_m131072
32	-	0.000271193385339	0.000271193385339	1.48285749474e-05	1.48285749489e-05	9.36912478045e-07	9.36912477156e-07
64	-	0.000279582389879	0.00027958238988	1.52872284721e-05	1.52872284696e-05	9.6562644103e-07	9.65626436589e-07
128	-	0.000280799087042	0.000280799087042	1.53535438683e-05	1.53535438679e-05	9.69799715644e-07	9.69799714978e-07
