#TI MAX Error vs. resolution, MPI ranks=768, threads=4
#TX Simulation type
#TY Resolution
N\SimType	nr_spec_spec_agrid	rexi_m008192	rexi_par_m008192	rexi_m016384	rexi_par_m016384	rexi_m131072	rexi_par_m131072
32	-	0.00027119338534	0.000271193385338	1.48285749489e-05	1.48285749498e-05	9.36912477156e-07	9.36912476268e-07
64	-	0.000279582389881	0.00027958238988	1.52872284706e-05	1.52872284699e-05	9.65626438587e-07	9.65626439475e-07
128	-	0.000280799087042	0.000280799087041	1.53535438682e-05	1.53535438704e-05	9.69799717421e-07	9.69799718531e-07
