#TI MAX Error vs. resolution, MPI ranks=48, threads=8
#TX Simulation type
#TY Resolution
N\SimType	nr_spec_spec_agrid	rexi_m008192	rexi_par_m008192	rexi_m016384	rexi_par_m016384	rexi_m131072	rexi_par_m131072
32	-	0.000271193385338	0.000271193385339	1.48285749475e-05	1.48285749488e-05	9.36912476712e-07	9.36912476046e-07
64	-	0.00027958238988	0.00027958238988	1.52872284718e-05	1.52872284707e-05	9.65626439697e-07	9.65626439031e-07
128	-	0.000280799087042	0.000280799087043	1.53535438683e-05	1.53535438701e-05	9.69799716755e-07	9.69799716533e-07
