#TI RMS Error vs. resolution, MPI ranks=192, threads=8
#TX Simulation type
#TY Resolution
N\SimType	nr_spec_spec_agrid	rexi_m008192	rexi_par_m008192	rexi_m016384	rexi_par_m016384	rexi_m131072	rexi_par_m131072
32	-	0.000116396508585	0.000116396508585	6.36206177154e-06	6.36206177151e-06	3.98289814363e-07	3.98289814376e-07
64	-	0.000116396508585	0.000116396508585	6.36206177169e-06	6.36206177165e-06	3.9828981429e-07	3.9828981438e-07
128	-	0.000116396508585	0.000116396508585	6.36206177167e-06	6.36206177159e-06	3.9828981436e-07	3.98289814435e-07
