#TI MAX Error vs. resolution, MPI ranks=4096, threads=1
#TX Simulation type
#TY Resolution
N\SimType	nr_spec_spec_agrid	rexi_m008192	rexi_par_m008192	rexi_m016384	rexi_par_m016384	rexi_m131072	rexi_par_m131072
32	-	0.000271193385339	0.000271193385339	1.48285749499e-05	1.48285749499e-05	9.36912476046e-07	9.36912476046e-07
64	-	0.00027958238988	0.00027958238988	1.52872284697e-05	1.52872284697e-05	9.65626438365e-07	9.65626438365e-07
128	-	0.000280799087043	0.000280799087043	1.53535438686e-05	1.53535438686e-05	9.69799717643e-07	9.69799717643e-07
