#TI RMS Error vs. resolution, MPI ranks=1, threads=8
#TX Simulation type
#TY Resolution
N\SimType	nr_spec_spec_agrid	rexi_m008192	rexi_par_m008192	rexi_m016384	rexi_par_m016384	rexi_m131072	rexi_par_m131072
32	E	0.000116396508585	0.000116396508585	6.36206177155e-06	6.36206177155e-06	3.98289814475e-07	3.98289814478e-07
64	E	0.000116396508585	0.000116396508585	6.36206177185e-06	6.36206177163e-06	3.98289814282e-07	3.98289814252e-07
128	E	0.000116396508585	0.000116396508585	6.36206177164e-06	6.36206177155e-06	3.98289814308e-07	3.98289814317e-07
