#TI RMS Error vs. resolution, MPI ranks=1, threads=28
#TX Simulation type
#TY Resolution
N\SimType	nr_fd_cart_cgrid	rexi_fd_par_m0008	rexi_fd_par_m0016	rexi_fd_par_m0032	rexi_fd_par_m0064	rexi_fd_par_m0128	rexi_fd_par_m0256	rexi_fd_par_m0512	rexi_fd_par_m1024	rexi_fd_par_m2048	rexi_fd_par_m4096	rexi_fd_par_m8192	rexi_fd_par_m16384	rexi_fd_par_m32768
32	0.919052009906	0.658596135634	0.658542845612	0.658556176108	0.658594011159	0.923995606054	0.884093474186	0.875400099093	0.877128549455	0.877396451369	0.877306529432	0.877287816555	0.877290744353	0.877291695151
64	0.565320672823	0.658320485708	0.658309467718	0.658315582511	0.658326266563	0.638283805695	0.571518210754	0.557571523038	0.559715524108	0.560027333523	0.55992344261	0.55990191181	0.559905278646	0.559906371727
128	0.485493760069	0.658428540703	0.658426565745	0.658428242894	0.658430877129	0.491721375069	0.492472824377	0.471737230525	0.474963177013	0.475423127756	0.475270181148	0.475238488385	0.475243444211	0.475245053079
256	0.0428054561257	0.658472248122	0.658471817391	0.658472244705	0.658472898316	0.468579550171	0.0285040072838	0.0421580414881	0.0389885675058	0.0385510318557	0.038696089088	0.0387262568473	0.0387215370506	0.0387200048713
512	0.0197201414863	0.658484319661	0.65848421615	0.658484323456	0.658484486504	0.465028024009	0.0110683682544	0.021294904883	0.018390553505	0.0179944428795	0.0181254776149	0.0181527512192	0.0181484837077	0.0181470984317
