#TI h=0.2, dt=1, DT=1, Sin*cos waves
#TX REXI parameter M
#TY Resolution N
N\M	16	32	64	128	256	512	1024	2048	4096	8192	16384	32768
8	0.354455898262	0.36075054693	0.369229387591	0.004900621914	0.00150368168465	0.00038019700847	6.34440761283e-05	2.39024686918e-05	3.8015728276e-06	1.53407536244e-06	8.40662839488e-08	3.21868242486e-08
16	0.496302674023	0.497222311295	0.501358046498	0.0654109768347	0.00383783920267	0.00087498351451	0.000142830220872	5.35382704467e-05	8.50415825833e-06	3.43069110899e-06	1.88004973307e-07	7.19164186531e-08
32	0.496302674023	0.497222311295	0.501358046498	0.0654109768347	0.00383783920267	0.00087498351451	0.000142830220873	5.35382704466e-05	8.50415825824e-06	3.43069110908e-06	1.8800497341e-07	7.19164185649e-08
64	0.496302674023	0.497222311295	0.501358046498	0.0654109768347	0.00383783920267	0.00087498351451	0.000142830220873	5.35382704467e-05	8.50415825826e-06	3.43069110902e-06	1.88004973344e-07	7.19164185476e-08
128	0.496302674023	0.497222311295	0.501358046498	0.0654109768347	0.00383783920267	0.00087498351451	0.000142830220872	5.35382704467e-05	8.50415825824e-06	3.43069110904e-06	1.88004973379e-07	7.19164185577e-08
256	0.496302674023	0.497222311295	0.501358046498	0.0654109768347	0.00383783920267	0.00087498351451	0.000142830220872	5.35382704467e-05	8.50415825823e-06	3.43069110898e-06	1.88004973338e-07	7.19164185443e-08
