#TI res=64x64, eps=1, h=0.2, Sin*cos waves scenario
#TX REXI parameter M
#TY size of time step
dT\M	1	2	4	8	16	32	64	128	256	512	1024	2048	4096	8192	16384
1.52587890625e-05	0.289819285457	0.0664734994278	0.000717612483228	2.92796685768e-05	3.21031729594e-06	1.78058202502e-07	1.53854820417e-07